,dt,name,ns_per_day
0,1.9045989513397217,vvvr,45.36388090480939
1,5.125033140182495,ghmc1,16.85842757241633
2,2.0896079540252686,ghmc10,41.347468951563535
3,1.8843109607696533,vv,45.85230452871199
4,2.475022077560425,ghmcrespa20,34.90877951487309
5,1.6661059856414795,verlet,51.857445291353734
6,1.9047670364379883,ghmc20,45.35987779459499
7,1.6628949642181396,langevin,51.95758112156145
